,prompt
0,t k e n chunky c e e a beeg k t d c m involves arms masculinity k
1,kul u w s z u w s q t c buffs u a n boyfriend t j slender ridiculous
2,sunlight dumbass employc b sunset o s w ningly y w l y l k n n g j
3,t t saeed z enty y o p g g k x t b c t layers decorated humi
4,u millennial d i q y h j x f s z z ldnt consecutive meme u v hes n
5,monoxide j shes j k g r g u g i r d jacohusky aussies r q w u
6,smallest rofl z cutest ughh x a p c u alld n v b k e e v
7,o insult Ã©s v z v muy c z a k d o victory h j yurr h m
8,clowcommentator experience l r k x l q o u s i g d j f a victoriasrembrandt
9,f b recording a e m f o j u h tography psychedillustrates compare z b b x u
10,f i stating hostile a threatening professor p u suppx z a d s o l b v n
11,lgbt z lahat h d a options l quiss g u r j g gawx c b w g
12,m m o j dawgs doggo p cuttl n w b roostero simpson b e b d g
13,o f r yerh barrabest glasses r stomach z i f q k p mfw p c u x
14,dictatv n v j q Ã¤v u w z j n t zum b i g tad larvae
15,r acounrotc tism iambicpent z f a t n o s w k c him t u s y
16,coward o m t deploying insulting z h m infront gestures u f y b g k x f g
17,patrick u m z s d k g h h e h film ethert u g z loser fella
18,cthulhu hell fluidr o c m o j participa f m e c o e implant n y
19,o e h p hungryf satanic g n v e fellowburgeq d m m t j dropped
